<?xml version="1.0" encoding="UTF-8"?>

<process name="oresCheck" xmlns="http://jbpm.org/4.4/jpdl">
	<swimlane candidate-users="WF_oresCheck" name="WF_oresCheck"/>
	<swimlane candidate-users="WF_oresModify" name="WF_oresModify"/>
	<start g="279,44,48,48" name="start1">
		<transition g="-63,-14" name="草稿-提交" to="资源一审"/>
	</start>
	<task form="/res/wf/gotoCheck.action?objectId=${bizId};and;libType=2" g="256,150,92,52" name="资源一审" swimlane="WF_oresCheck">
		<transition g="349,133:67,-18" name="驳回" to="资源修改"/>
		<transition g="-36,-9" name="通过" to="end1"/>
	</task>
	<task form="/res/wf/gotoEdit.action?objectId=${bizId};and;libType=2" g="524,105,92,52" name="资源修改" swimlane="WF_oresModify">
		<transition g="526,174:-98,-17" name="提交" to="资源一审"/>
	</task>
	<end g="280,254,48,48" name="end1"/>
</process>