<?xml version="1.0" encoding="UTF-8"?>
<process name="subjectCheck" xmlns="http://jbpm.org/4.4/jpdl">
	<swimlane name="WF_subjectCheck" candidate-users="WF_subjectCheck" />
	<swimlane name="WF_subjectModify" candidate-users="WF_subjectModify" />
	<start g="279,44,48,48" name="start1">
		<transition g="-63,-14" name="草稿-提交" to="主题库审核" />
	</start>
	<task form="/subject/gotoCheck.action?objectId=${bizId}" g="256,150,92,52" name="主题库审核" swimlane="WF_subjectCheck">
		<transition g="349,133:67,-18" name="驳回" to="主题库修改" />
		<transition g="-36,-9" name="通过" to="end1" />
	</task>
	<task form="/subject/gotoEdit.action?objectId=${bizId}" g="524,105,92,52" name="主题库修改" swimlane="WF_subjectModify">
		<transition g="526,174:-98,-17" name="提交" to="主题库审核" />
	</task>
	<end g="280,254,48,48" name="end1"/>
</process>